{"cameraMode":{"drawMode":0,"name":"Shaded","section":"Shading Mode"},"sceneLighting":true,"audioPlay":false,"sceneViewState":{"m_AlwaysRefresh":false,"showFog":true,"showSkybox":true,"showFlares":true,"showImageEffects":true,"showParticleSystems":true,"showVisualEffectGraphs":true,"m_FxEnabled":true},"in2DMode":false,"pivot":{"x":1.7560091018676758,"y":0.5386998653411865,"z":-1.087289571762085},"rotation":{"x":0.016262488439679147,"y":0.9568338990211487,"z":-0.28501036763191225,"w":0.05459858849644661},"size":1.3786554336547852,"orthographic":false}